,level_0,index,off_id,on_id,source_sequence,sequence_id,pre_seq,promoter,trigger,loop1,switch,loop2,stem1,atg,stem2,linker,post_linker,on_value,off_value,onoff_value,on_qc,off_qc,onoff_qc,switch_sequence
0,58707,129514,AACCAAACACACAAACGCACGCAATGGTGAATTGGCAAGGAGAAGGGTGGAACAGAGGAGACCACCCATGTCCTTGCCA,CCACCCTTCTCCTTGCCAATTCACCATTGCAACCAAACACACAAACGCACGCAATGGTGAATTGGCAAGGAGAAGGGTGGAACAGAGGAGACCACCCATGTCCTTGCCA,human_KMT2D,human_KMT2D_tile_939,CTCTGGGCTAACTGTCGCGC,TAATACGACTCACTATAGGG,CCACCCTTCTCCTTGCCAATTCACCATTGC,AACCAAACACACAAACGCAC,GCAATGGTGAATTGGCAAGGAGAAGGGTGG,AACAGAGGAGA,CCACCC,ATG,TCCTTGCCA,AACCTGGCGGCAGCGCAAAAGATGCG,TAAAGGAGAA,0.008348545,1.0,-0.991651455,1.1,1.1,1.1,GCAATGGTGAATTGGCAAGGAGAAGGGTGGAACAGAGGAGACCACCCATGTCCTTGCCA
1,19852,40619,AACCAAACACACAAACGCACATAAGTTCTCCAGTATTATTCCCAAAGATAAACAGAGGAGATATCTTATGGAATAATAC,TATCTTTGGGAATAATACTGGAGAACTTATAACCAAACACACAAACGCACATAAGTTCTCCAGTATTATTCCCAAAGATAAACAGAGGAGATATCTTATGGAATAATAC,smallpox,smallpox_tile_18390,CTCTGGGCTAACTGTCGCGC,TAATACGACTCACTATAGGG,TATCTTTGGGAATAATACTGGAGAACTTAT,AACCAAACACACAAACGCAC,ATAAGTTCTCCAGTATTATTCCCAAAGATA,AACAGAGGAGA,TATCTT,ATG,GAATAATAC,AACCTGGCGGCAGCGCAAAAGATGCG,TAAAGGAGAA,0.022225567,1.0,-0.977774433,1.1,1.1,1.1,ATAAGTTCTCCAGTATTATTCCCAAAGATAAACAGAGGAGATATCTTATGGAATAATAC
2,55733,123067,AACCAAACACACAAACGCACGAGCTGAGCTCTGGTACCGCTTCAAAGAGGAACAGAGGAGACCTCTTATGAGCGGTACC,CCTCTTTGAAGCGGTACCAGAGCTCAGCTCAACCAAACACACAAACGCACGAGCTGAGCTCTGGTACCGCTTCAAAGAGGAACAGAGGAGACCTCTTATGAGCGGTACC,human_ETV2,human_ETV2_tile_62,CTCTGGGCTAACTGTCGCGC,TAATACGACTCACTATAGGG,CCTCTTTGAAGCGGTACCAGAGCTCAGCTC,AACCAAACACACAAACGCAC,GAGCTGAGCTCTGGTACCGCTTCAAAGAGG,AACAGAGGAGA,CCTCTT,ATG,AGCGGTACC,AACCTGGCGGCAGCGCAAAAGATGCG,TAAAGGAGAA,0.02629203,1.0,-0.97370797,1.1,1.1,1.1,GAGCTGAGCTCTGGTACCGCTTCAAAGAGGAACAGAGGAGACCTCTTATGAGCGGTACC
3,2346,3824,AACCAAACACACAAACGCACAAATTTTATAACCGTTAATATTGATAAAAAAACAGAGGAGATTTTTAATGATATTAACG,TTTTTATCAATATTAACGGTTATAAAATTTAACCAAACACACAAACGCACAAATTTTATAACCGTTAATATTGATAAAAAAACAGAGGAGATTTTTAATGATATTAACG,smallpox,smallpox_tile_6497,CTCTGGGCTAACTGTCGCGC,TAATACGACTCACTATAGGG,TTTTTATCAATATTAACGGTTATAAAATTT,AACCAAACACACAAACGCAC,AAATTTTATAACCGTTAATATTGATAAAAA,AACAGAGGAGA,TTTTTA,ATG,ATATTAACG,AACCTGGCGGCAGCGCAAAAGATGCG,TAAAGGAGAA,0.011605396,0.981091316,-0.96948592,3.0,4.0,3.0,AAATTTTATAACCGTTAATATTGATAAAAAAACAGAGGAGATTTTTAATGATATTAACG
4,79684,185860,AACCAAACACACAAACGCACTATAAGTCCAAAATCCTACGATGACTTTATAACAGAGGAGAATAAAGATGTCGTAGGAT,ATAAAGTCATCGTAGGATTTTGGACTTATAAACCAAACACACAAACGCACTATAAGTCCAAAATCCTACGATGACTTTATAACAGAGGAGAATAAAGATGTCGTAGGAT,smallpox,smallpox_tile_16479,CTCTGGGCTAACTGTCGCGC,TAATACGACTCACTATAGGG,ATAAAGTCATCGTAGGATTTTGGACTTATA,AACCAAACACACAAACGCAC,TATAAGTCCAAAATCCTACGATGACTTTAT,AACAGAGGAGA,ATAAAG,ATG,TCGTAGGAT,AACCTGGCGGCAGCGCAAAAGATGCG,TAAAGGAGAA,0.032708198,1.0,-0.967291802,2.0,1.1,1.1,TATAAGTCCAAAATCCTACGATGACTTTATAACAGAGGAGAATAAAGATGTCGTAGGAT
5,37532,76383,AACCAAACACACAAACGCACCCCAAGTGAGTTTTCTGGTGGCGGATGAGAAACAGAGGAGATCTCATATGCCACCAGAA,TCTCATCCGCCACCAGAAAACTCACTTGGGAACCAAACACACAAACGCACCCCAAGTGAGTTTTCTGGTGGCGGATGAGAAACAGAGGAGATCTCATATGCCACCAGAA,human_ZNF691,human_ZNF691_tile_90,CTCTGGGCTAACTGTCGCGC,TAATACGACTCACTATAGGG,TCTCATCCGCCACCAGAAAACTCACTTGGG,AACCAAACACACAAACGCAC,CCCAAGTGAGTTTTCTGGTGGCGGATGAGA,AACAGAGGAGA,TCTCAT,ATG,CCACCAGAA,AACCTGGCGGCAGCGCAAAAGATGCG,TAAAGGAGAA,0.042472486,1.0,-0.957527514,3.0,1.1,1.1,CCCAAGTGAGTTTTCTGGTGGCGGATGAGAAACAGAGGAGATCTCATATGCCACCAGAA
6,12393,23372,AACCAAACACACAAACGCACACTGGTATCCTGTGTGTGACGGAGGAAGAAAACAGAGGAGATTCTTCATGCGTCACACA,TTCTTCCTCCGTCACACACAGGATACCAGTAACCAAACACACAAACGCACACTGGTATCCTGTGTGTGACGGAGGAAGAAAACAGAGGAGATTCTTCATGCGTCACACA,human_RFX4,human_RFX4_tile_147,CTCTGGGCTAACTGTCGCGC,TAATACGACTCACTATAGGG,TTCTTCCTCCGTCACACACAGGATACCAGT,AACCAAACACACAAACGCAC,ACTGGTATCCTGTGTGTGACGGAGGAAGAA,AACAGAGGAGA,TTCTTC,ATG,CGTCACACA,AACCTGGCGGCAGCGCAAAAGATGCG,TAAAGGAGAA,0.051429433,1.0,-0.948570567,2.0,1.1,1.1,ACTGGTATCCTGTGTGTGACGGAGGAAGAAAACAGAGGAGATTCTTCATGCGTCACACA
7,17493,35820,AACCAAACACACAAACGCACAGGTACTTGCCCAGCTTGAAGGTACCAGGCAACAGAGGAGAGCCTGGATGCTTCAAGCT,GCCTGGTACCTTCAAGCTGGGCAAGTACCTAACCAAACACACAAACGCACAGGTACTTGCCCAGCTTGAAGGTACCAGGCAACAGAGGAGAGCCTGGATGCTTCAAGCT,human_PRDM13,human_PRDM13_tile_9,CTCTGGGCTAACTGTCGCGC,TAATACGACTCACTATAGGG,GCCTGGTACCTTCAAGCTGGGCAAGTACCT,AACCAAACACACAAACGCAC,AGGTACTTGCCCAGCTTGAAGGTACCAGGC,AACAGAGGAGA,GCCTGG,ATG,CTTCAAGCT,AACCTGGCGGCAGCGCAAAAGATGCG,TAAAGGAGAA,0.055131887,1.0,-0.944868113,1.1,1.1,1.1,AGGTACTTGCCCAGCTTGAAGGTACCAGGCAACAGAGGAGAGCCTGGATGCTTCAAGCT
8,81512,188702,AACCAAACACACAAACGCACTATTTCCATGCGGGGTGAGCCGGAAGAGGAAACAGAGGAGATCCTCTATGGGCTCACCC,TCCTCTTCCGGCTCACCCCGCATGGAAATAAACCAAACACACAAACGCACTATTTCCATGCGGGGTGAGCCGGAAGAGGAAACAGAGGAGATCCTCTATGGGCTCACCC,human_MED1,human_MED1_tile_202,CTCTGGGCTAACTGTCGCGC,TAATACGACTCACTATAGGG,TCCTCTTCCGGCTCACCCCGCATGGAAATA,AACCAAACACACAAACGCAC,TATTTCCATGCGGGGTGAGCCGGAAGAGGA,AACAGAGGAGA,TCCTCT,ATG,GGCTCACCC,AACCTGGCGGCAGCGCAAAAGATGCG,TAAAGGAGAA,0.056418251,1.0,-0.943581749,1.1,1.1,1.1,TATTTCCATGCGGGGTGAGCCGGAAGAGGAAACAGAGGAGATCCTCTATGGGCTCACCC
9,68641,163306,AACCAAACACACAAACGCACGGTTGGGTGTAAGATTGGCGACAATTTCATAACAGAGGAGAATGAAAATGTCGCCAATC,ATGAAATTGTCGCCAATCTTACACCCAACCAACCAAACACACAAACGCACGGTTGGGTGTAAGATTGGCGACAATTTCATAACAGAGGAGAATGAAAATGTCGCCAATC,smallpox,smallpox_tile_4270,CTCTGGGCTAACTGTCGCGC,TAATACGACTCACTATAGGG,ATGAAATTGTCGCCAATCTTACACCCAACC,AACCAAACACACAAACGCAC,GGTTGGGTGTAAGATTGGCGACAATTTCAT,AACAGAGGAGA,ATGAAA,ATG,TCGCCAATC,AACCTGGCGGCAGCGCAAAAGATGCG,TAAAGGAGAA,0.066878993,1.0,-0.933121007,3.0,1.1,1.1,GGTTGGGTGTAAGATTGGCGACAATTTCATAACAGAGGAGAATGAAAATGTCGCCAATC
10,54148,118992,AACCAAACACACAAACGCACGACACGCGTCTAAATCTACATCCATGAAAAAACAGAGGAGATTTTCAATGATGTAGATT,TTTTCATGGATGTAGATTTAGACGCGTGTCAACCAAACACACAAACGCACGACACGCGTCTAAATCTACATCCATGAAAAAACAGAGGAGATTTTCAATGATGTAGATT,smallpox,smallpox_tile_17867,CTCTGGGCTAACTGTCGCGC,TAATACGACTCACTATAGGG,TTTTCATGGATGTAGATTTAGACGCGTGTC,AACCAAACACACAAACGCAC,GACACGCGTCTAAATCTACATCCATGAAAA,AACAGAGGAGA,TTTTCA,ATG,ATGTAGATT,AACCTGGCGGCAGCGCAAAAGATGCG,TAAAGGAGAA,0.07964258099999999,1.0,-0.920357419,3.0,1.1,1.1,GACACGCGTCTAAATCTACATCCATGAAAAAACAGAGGAGATTTTCAATGATGTAGATT
11,13956,26289,AACCAAACACACAAACGCACAGACTGATCGATGATATGAGAAGTCTGTATAACAGAGGAGAATACAGATGTCTCATATC,ATACAGACTTCTCATATCATCGATCAGTCTAACCAAACACACAAACGCACAGACTGATCGATGATATGAGAAGTCTGTATAACAGAGGAGAATACAGATGTCTCATATC,random_sequences,random_sequence_22221,CTCTGGGCTAACTGTCGCGC,TAATACGACTCACTATAGGG,ATACAGACTTCTCATATCATCGATCAGTCT,AACCAAACACACAAACGCAC,AGACTGATCGATGATATGAGAAGTCTGTAT,AACAGAGGAGA,ATACAG,ATG,TCTCATATC,AACCTGGCGGCAGCGCAAAAGATGCG,TAAAGGAGAA,0.081501379,1.0,-0.918498621,1.1,1.1,1.1,AGACTGATCGATGATATGAGAAGTCTGTATAACAGAGGAGAATACAGATGTCTCATATC
12,74980,177667,AACCAAACACACAAACGCACGTTTTGTGCGTCTAAGTTACGGGAAGGGAGAACAGAGGAGACTCCCTATGCGTAACTTA,CTCCCTTCCCGTAACTTAGACGCACAAAACAACCAAACACACAAACGCACGTTTTGTGCGTCTAAGTTACGGGAAGGGAGAACAGAGGAGACTCCCTATGCGTAACTTA,poliovirus,poliovirus_tile_19,CTCTGGGCTAACTGTCGCGC,TAATACGACTCACTATAGGG,CTCCCTTCCCGTAACTTAGACGCACAAAAC,AACCAAACACACAAACGCAC,GTTTTGTGCGTCTAAGTTACGGGAAGGGAG,AACAGAGGAGA,CTCCCT,ATG,CGTAACTTA,AACCTGGCGGCAGCGCAAAAGATGCG,TAAAGGAGAA,0.082430976,1.0,-0.917569024,2.0,1.1,1.1,GTTTTGTGCGTCTAAGTTACGGGAAGGGAGAACAGAGGAGACTCCCTATGCGTAACTTA
13,95913,220491,AACCAAACACACAAACGCACTGGTTCTGAAGTGTGTACTCAGACGTGATGAACAGAGGAGACATCACATGTGAGTACAC,CATCACGTCTGAGTACACACTTCAGAACCAAACCAAACACACAAACGCACTGGTTCTGAAGTGTGTACTCAGACGTGATGAACAGAGGAGACATCACATGTGAGTACAC,human_PER1,human_PER1_tile_63,CTCTGGGCTAACTGTCGCGC,TAATACGACTCACTATAGGG,CATCACGTCTGAGTACACACTTCAGAACCA,AACCAAACACACAAACGCAC,TGGTTCTGAAGTGTGTACTCAGACGTGATG,AACAGAGGAGA,CATCAC,ATG,TGAGTACAC,AACCTGGCGGCAGCGCAAAAGATGCG,TAAAGGAGAA,0.095459857,1.0,-0.904540143,1.1,1.1,1.1,TGGTTCTGAAGTGTGTACTCAGACGTGATGAACAGAGGAGACATCACATGTGAGTACAC
14,14066,26470,AACCAAACACACAAACGCACAGAGACATAGACCTATCGGTATTGGTGTTCAACAGAGGAGAGAACACATGTACCGATAG,GAACACCAATACCGATAGGTCTATGTCTCTAACCAAACACACAAACGCACAGAGACATAGACCTATCGGTATTGGTGTTCAACAGAGGAGAGAACACATGTACCGATAG,smallpox,smallpox_tile_10709,CTCTGGGCTAACTGTCGCGC,TAATACGACTCACTATAGGG,GAACACCAATACCGATAGGTCTATGTCTCT,AACCAAACACACAAACGCAC,AGAGACATAGACCTATCGGTATTGGTGTTC,AACAGAGGAGA,GAACAC,ATG,TACCGATAG,AACCTGGCGGCAGCGCAAAAGATGCG,TAAAGGAGAA,0.102402922,1.0,-0.897597078,1.1,1.1,1.1,AGAGACATAGACCTATCGGTATTGGTGTTCAACAGAGGAGAGAACACATGTACCGATAG
15,53742,118252,AACCAAACACACAAACGCACGAATCTGGTGAAAAGAACTCCTCCCGAGAAAACAGAGGAGATTCTCGATGGGAGTTCTT,TTCTCGGGAGGAGTTCTTTTCACCAGATTCAACCAAACACACAAACGCACGAATCTGGTGAAAAGAACTCCTCCCGAGAAAACAGAGGAGATTCTCGATGGGAGTTCTT,human_ZBTB5,human_ZBTB5_tile_69,CTCTGGGCTAACTGTCGCGC,TAATACGACTCACTATAGGG,TTCTCGGGAGGAGTTCTTTTCACCAGATTC,AACCAAACACACAAACGCAC,GAATCTGGTGAAAAGAACTCCTCCCGAGAA,AACAGAGGAGA,TTCTCG,ATG,GGAGTTCTT,AACCTGGCGGCAGCGCAAAAGATGCG,TAAAGGAGAA,0.107195586,1.0,-0.8928044140000001,3.0,1.1,1.1,GAATCTGGTGAAAAGAACTCCTCCCGAGAAAACAGAGGAGATTCTCGATGGGAGTTCTT
16,87503,201465,AACCAAACACACAAACGCACTCTCATCACTGATGAGCACATGAATTCCTGAACAGAGGAGACAGGAAATGATGTGCTCA,CAGGAATTCATGTGCTCATCAGTGATGAGAAACCAAACACACAAACGCACTCTCATCACTGATGAGCACATGAATTCCTGAACAGAGGAGACAGGAAATGATGTGCTCA,human_TFCP2,human_TFCP2_tile_140,CTCTGGGCTAACTGTCGCGC,TAATACGACTCACTATAGGG,CAGGAATTCATGTGCTCATCAGTGATGAGA,AACCAAACACACAAACGCAC,TCTCATCACTGATGAGCACATGAATTCCTG,AACAGAGGAGA,CAGGAA,ATG,ATGTGCTCA,AACCTGGCGGCAGCGCAAAAGATGCG,TAAAGGAGAA,0.062595043,0.951567124,-0.8889720809999999,1.1,2.0,1.1,TCTCATCACTGATGAGCACATGAATTCCTGAACAGAGGAGACAGGAAATGATGTGCTCA
17,38000,77703,AACCAAACACACAAACGCACCCCCCCAGCAATTCTGCACTGGATGGGGTGAACAGAGGAGACACCCCATGCAGTGCAGA,CACCCCATCCAGTGCAGAATTGCTGGGGGGAACCAAACACACAAACGCACCCCCCCAGCAATTCTGCACTGGATGGGGTGAACAGAGGAGACACCCCATGCAGTGCAGA,coxsackie,coxsackie_tile_274,CTCTGGGCTAACTGTCGCGC,TAATACGACTCACTATAGGG,CACCCCATCCAGTGCAGAATTGCTGGGGGG,AACCAAACACACAAACGCAC,CCCCCCAGCAATTCTGCACTGGATGGGGTG,AACAGAGGAGA,CACCCC,ATG,CAGTGCAGA,AACCTGGCGGCAGCGCAAAAGATGCG,TAAAGGAGAA,0.114800764,1.0,-0.885199236,1.1,1.1,1.1,CCCCCCAGCAATTCTGCACTGGATGGGGTGAACAGAGGAGACACCCCATGCAGTGCAGA
18,97146,222892,AACCAAACACACAAACGCACTGTGAGTCCTCTGGTGGGCCTTTAAGTGGGAACAGAGGAGACCCACTATGAGGCCCACC,CCCACTTAAAGGCCCACCAGAGGACTCACAAACCAAACACACAAACGCACTGTGAGTCCTCTGGTGGGCCTTTAAGTGGGAACAGAGGAGACCCACTATGAGGCCCACC,human_KLF7,human_KLF7_tile_71,CTCTGGGCTAACTGTCGCGC,TAATACGACTCACTATAGGG,CCCACTTAAAGGCCCACCAGAGGACTCACA,AACCAAACACACAAACGCAC,TGTGAGTCCTCTGGTGGGCCTTTAAGTGGG,AACAGAGGAGA,CCCACT,ATG,AGGCCCACC,AACCTGGCGGCAGCGCAAAAGATGCG,TAAAGGAGAA,0.125843641,1.0,-0.8741563590000001,2.0,1.1,1.1,TGTGAGTCCTCTGGTGGGCCTTTAAGTGGGAACAGAGGAGACCCACTATGAGGCCCACC
19,21536,43347,AACCAAACACACAAACGCACATATTTATGAGTGACAGCAGCAATGACCGTAACAGAGGAGAACGGTCATGGCTGCTGTC,ACGGTCATTGCTGCTGTCACTCATAAATATAACCAAACACACAAACGCACATATTTATGAGTGACAGCAGCAATGACCGTAACAGAGGAGAACGGTCATGGCTGCTGTC,smallpox,smallpox_tile_28697,CTCTGGGCTAACTGTCGCGC,TAATACGACTCACTATAGGG,ACGGTCATTGCTGCTGTCACTCATAAATAT,AACCAAACACACAAACGCAC,ATATTTATGAGTGACAGCAGCAATGACCGT,AACAGAGGAGA,ACGGTC,ATG,GCTGCTGTC,AACCTGGCGGCAGCGCAAAAGATGCG,TAAAGGAGAA,0.130954954,1.0,-0.869045046,3.0,1.1,1.1,ATATTTATGAGTGACAGCAGCAATGACCGTAACAGAGGAGAACGGTCATGGCTGCTGTC
